{
    "Bot_Token" : "637164355:AAF14y2K_NyjS1GUJ6SivtTiofKmaVcSrGk",
    "Bot_QQ" :  2702428335,
    "Forward_List" : 
    [
        {
            "From_Group" : 644721775,
            "To_Group" : -1001156015344,
            "Type" : "Q<->T"
        },
        {
            "From_Group" : 644721775,
            "To_Group" : -1001152971180,
            "Type" : "Q<->T"
        },
        {
            "From_Group" : 644721775,
            "To_Group" : -1001301866944,
            "Type" : "Q->T"
        },
        {
            "From_Group" : 7,
            "To_Group" : 8,
            "Type" : "Q->T"
        },
        {
            "From_Group" : 9,
            "To_Group" : 10,
            "Type" : "Q->Q"
        },
        {
            "From_Group" : 11,
            "To_Group" : 12,
            "Type" : "T->T"
        }
    ]
}