{
    "Bot_Token" : "637164355:AAGd9kAqZ71jTo1LqFJ4BXIVlFt-O_HlT3s",
    "Bot_QQ" :  2702428335,
    "Forward_List" : 
    [
        {
            "From_Group" : 644721775,
            "To_Group" : -1001156015344,
            "Type" : "Q<->T"
        },
        {
            "From_Group" : 3,
            "To_Group" : 4,
            "Type" : "T<->Q"
        },
        {
            "From_Group" : 5,
            "To_Group" : 6,
            "Type" : "T->Q"
        },
        {
            "From_Group" : 7,
            "To_Group" : 8,
            "Type" : "Q->T"
        },
        {
            "From_Group" : 9,
            "To_Group" : 10,
            "Type" : "Q->Q"
        },
        {
            "From_Group" : 11,
            "To_Group" : 12,
            "Type" : "T->T"
        }
    ]
}